Baseline,Combined_baseline
936.1582990404106,916.4588589171476
